{
  "device": "NVIDIA RTX A6000",
  "gamma": 4,
  "n_eval": 120,
  "seeds": [
    0,
    1,
    2
  ],
  "results": [
    {
      "dataset": "gsm8k",
      "n_eval": 120,
      "shared": {
        "mean": 0.21283329184589217,
        "ci95": [
          0.20330105515252953,
          0.22301110343455774
        ]
      },
      "faithful": {
        "mean": 0.6242308767466674,
        "ci95": [
          0.6036937190004196,
          0.6440043532830462
        ]
      },
      "diff": {
        "mean": 0.4113975849007751,
        "ci95": [
          0.38598680207323316,
          0.43582687030102685
        ]
      },
      "robust_win": true
    },
    {
      "dataset": "sharegpt",
      "n_eval": 120,
      "shared": {
        "mean": 0.27156786310273434,
        "ci95": [
          0.24893084621756792,
          0.29732251724966835
        ]
      },
      "faithful": {
        "mean": 0.3922747778945686,
        "ci95": [
          0.36400031898379326,
          0.4221596031595603
        ]
      },
      "diff": {
        "mean": 0.12070691479183428,
        "ci95": [
          0.0887228333556866,
          0.153855775752541
        ]
      },
      "robust_win": true
    }
  ]
}