{
  "adapter": "tloen/alpaca-lora-7b",
  "gamma": 4,
  "accept_shared": 0.22549019607843138,
  "accept_faithful": 0.1875,
  "per_shared": [
    0.35,
    0.13709677419354838,
    0.21296296296296297,
    0.17857142857142858,
    0.16379310344827586,
    0.4305555555555556
  ],
  "per_faithful": [
    0.25,
    0.1532258064516129,
    0.1328125,
    0.125,
    0.25,
    0.2604166666666667
  ],
  "verdict": "FAIL"
}