{
  "adapter": "tloen/alpaca-lora-7b",
  "gamma": 4,
  "accept_shared": 0.25463917525773194,
  "accept_faithful": 0.27736051502145925,
  "per_shared": [
    0.13709677419354838,
    0.3333333333333333,
    0.2717391304347826,
    0.39473684210526316,
    0.32142857142857145,
    0.4342105263157895,
    0.546875,
    0.45588235294117646,
    0.35,
    0.17857142857142858,
    0.27,
    0.2604166666666667,
    0.25,
    0.47058823529411764,
    0.08333333333333333,
    0.125,
    0.35,
    0.15,
    0.13709677419354838,
    0.16379310344827586
  ],
  "per_faithful": [
    0.2826086956521739,
    0.2717391304347826,
    0.21153846153846154,
    0.2826086956521739,
    0.35,
    0.2604166666666667,
    0.42105263157894735,
    0.32142857142857145,
    0.25,
    0.4166666666666667,
    0.20535714285714285,
    0.2916666666666667,
    0.25,
    0.5,
    0.0625,
    0.25,
    0.55,
    0.19444444444444445,
    0.27,
    0.3409090909090909
  ],
  "verdict": "PASS"
}