{
  "device": "NVIDIA RTX A6000",
  "B": 16,
  "gamma": 4,
  "out_tokens": 64,
  "dataset": "gsm8k",
  "kv_cached": true,
  "warp_over_nospec": 0.7620564353934441,
  "warp_over_shared": 1.0086051181302984,
  "results": {
    "no_spec": {
      "tok_s": 191.70349998772883,
      "sec": 1.3406119346618652,
      "iters": 30,
      "p50": 0.692649499575297,
      "p99": 1.2869874572753905
    },
    "shared": {
      "tok_s": 144.84249903858117,
      "sec": 1.774341106414795,
      "iters": 18,
      "p50": 0.6900215413835313,
      "p99": 1.700410226980845
    },
    "warp": {
      "tok_s": 146.0888858530958,
      "sec": 1.7592029571533203,
      "iters": 18,
      "p50": 0.6841344833374023,
      "p99": 1.7445429325103758
    }
  }
}