{
  "device": "NVIDIA RTX A6000",
  "B": 4,
  "gamma": 4,
  "out_tokens": 12,
  "dataset": "gsm8k",
  "kv_cached": true,
  "warp_over_nospec": 0.6725464955631987,
  "warp_over_shared": 1.0160950013723649,
  "results": {
    "no_spec": {
      "tok_s": 114.75334254050748,
      "sec": 0.4182884693145752,
      "iters": 12,
      "p50": 0.4182884693145752,
      "p99": 0.4182884693145752
    },
    "shared": {
      "tok_s": 75.95447106377296,
      "sec": 0.6319575309753418,
      "iters": 8,
      "p50": 0.3949734568595886,
      "p99": 0.6272178494930267
    },
    "warp": {
      "tok_s": 77.17695837978162,
      "sec": 0.6219472885131836,
      "iters": 8,
      "p50": 0.5053321719169617,
      "p99": 0.6196149861812591
    }
  }
}