{
  "device": "NVIDIA RTX A6000",
  "gamma": 4,
  "n_new": 64,
  "dataset": "gsm8k",
  "graphed": true,
  "kv_cached": true,
  "warp_over_nospec": 1.9298562837213864,
  "warp_over_shared": 1.4810124747285611,
  "results": {
    "no_spec": {
      "tok_s": 42.42072743897816
    },
    "shared": {
      "tok_s": 55.276987064642086
    },
    "warp": {
      "tok_s": 81.86590740814424
    }
  }
}