{
  "device": "NVIDIA A100-SXM4-80GB",
  "B": 16,
  "gamma": 4,
  "out_tokens": 64,
  "dataset": "gsm8k",
  "kv_cached": true,
  "warp_over_nospec": 0.46173753292035,
  "warp_over_shared": 0.8768229419422343,
  "results": {
    "no_spec": {
      "tok_s": 169.34558475133318,
      "sec": 1.5176067352294922,
      "iters": 30,
      "p50": 0.7840968132019043,
      "p99": 1.4569024658203122
    },
    "shared": {
      "tok_s": 89.1778816152213,
      "sec": 2.881880521774292,
      "iters": 18,
      "p50": 1.120731314023336,
      "p99": 2.7618021667003627
    },
    "warp": {
      "tok_s": 78.19321251403463,
      "sec": 3.2867302894592285,
      "iters": 20,
      "p50": 1.1503556013107301,
      "p99": 3.2374293351173398
    }
  }
}