{
  "device": "NVIDIA RTX A6000",
  "B": 32,
  "gamma": 4,
  "dataset": "gsm8k",
  "step_ms_graph_eager": {
    "decode": [
      31.048192024230957,
      33.39878463745117
    ],
    "verify": [
      45.32070350646973,
      46.77734375
    ],
    "draft": [
      2.0280319452285767,
      8.23142385482788
    ],
    "sgmv": [
      3.3996798992156982,
      28.217856407165527
    ]
  },
  "t_iter_spec": {
    "composed": 53.43283128738403,
    "eager": 79.97542190551758,
    "graphed": 53.41183853149414
  },
  "t_iter_warp": {
    "composed": 58.91942310333252,
    "eager": 139.33106994628906,
    "graphed": 58.840576171875
  },
  "tiers_analytical_eager_graphed": {
    "no_spec": [
      1030.6558261114278,
      958.1186964545211,
      1030.6558261114278
    ],
    "aspp_spec": [
      1109.1308203612402,
      741.0276630989716,
      1109.5667482978542
    ],
    "warppipe": [
      1811.8303672590105,
      766.1751254845885,
      1814.2582371758965
    ]
  },
  "b1_real_tps": 27.509790545329032,
  "b1_analytical_tps": 38.212683054509704,
  "b1_accept": 0.2604529616724739
}