{
  "device": "NVIDIA RTX A6000",
  "B": 32,
  "gamma": 4,
  "dataset": "gsm8k",
  "step_ms_graph_eager": {
    "decode": [
      31.095295906066895,
      33.13766288757324
    ],
    "verify": [
      45.352447509765625,
      46.90329551696777
    ],
    "draft": [
      2.0321279764175415,
      8.078847885131836
    ],
    "sgmv": [
      3.411455988883972,
      27.29111957550049
    ]
  },
  "t_iter_spec": {
    "composed": 53.48095941543579,
    "eager": 85.47174453735352,
    "graphed": 53.48454284667969
  },
  "t_iter_warp": {
    "composed": 58.998271465301514,
    "eager": 135.73324584960938,
    "graphed": 58.86054229736328
  },
  "tiers_analytical_eager_graphed": {
    "no_spec": [
      1029.094564549765,
      965.6685840690392,
      1029.094564549765
    ],
    "aspp_spec": [
      1108.1327008298788,
      693.3753408309104,
      1108.0584566252696
    ],
    "warppipe": [
      1809.4089428159562,
      786.48380749901,
      1813.6428213775064
    ]
  },
  "b1_real_tps": 26.568129739864666,
  "b1_analytical_tps": 38.17829502326735,
  "b1_accept": 0.2604529616724739
}