{
  "device": "NVIDIA RTX A6000",
  "B": 32,
  "gamma": 4,
  "dataset": "mbpp",
  "step_ms_graph_eager": {
    "decode": [
      31.089664459228516,
      33.1197452545166
    ],
    "verify": [
      45.359615325927734,
      46.856191635131836
    ],
    "draft": [
      2.0336639881134033,
      8.050175666809082
    ],
    "sgmv": [
      3.4058239459991455,
      27.230207443237305
    ]
  },
  "t_iter_spec": {
    "composed": 53.49427127838135,
    "eager": 85.9683837890625,
    "graphed": 53.40416145324707
  },
  "t_iter_warp": {
    "composed": 58.982911109924316,
    "eager": 135.58527374267578,
    "graphed": 58.92915153503418
  },
  "tiers_analytical_eager_graphed": {
    "no_spec": [
      1029.2809702711752,
      966.1910064249694,
      1029.2809702711752
    ],
    "aspp_spec": [
      856.6150898950344,
      533.0331684778055,
      858.0604723120096
    ],
    "warppipe": [
      1343.304331865516,
      584.3702476890861,
      1344.5297944413046
    ]
  },
  "b1_real_tps": 17.725128678581672,
  "b1_analytical_tps": 25.924130186079072,
  "b1_accept": 0.09669811320754718
}