{
  "device": "NVIDIA RTX A6000",
  "B": 32,
  "gamma": 4,
  "dataset": "gsm8k",
  "step_ms_graph_eager": {
    "decode": [
      31.048704147338867,
      33.04908752441406
    ],
    "verify": [
      45.23161697387695,
      46.934017181396484
    ],
    "draft": [
      2.0254719257354736,
      7.99129581451416
    ],
    "sgmv": [
      3.2583680152893066,
      27.289088249206543
    ]
  },
  "t_iter_spec_graph": 53.33350467681885,
  "t_iter_spec_real": 78.7143669128418,
  "t_iter_warp_graph": 58.26508903503418,
  "t_iter_warp_real": 133.05651092529297,
  "tiers_analytical_wallclock": {
    "no_spec": [
      1030.6388262823093,
      968.2566871584856
    ],
    "aspp_spec": [
      1111.1964300699483,
      752.8994048268387
    ],
    "warppipe": [
      1832.17775460381,
      802.3057215136047
    ]
  },
  "b1_real_tps": 27.99965995963116,
  "b1_analytical_tps": 38.28384913128275,
  "b1_accept": 0.2604529616724739
}